{
  "teammate_barriering": {
    "avg": 0.8056224899598393,
    "std": 27.60983121340271,
    "percentile1": 0.0,
    "percentile5": 0.0,
    "percentile10": 0.0,
    "percentile25": 0.0,
    "percentile50": 0.0,
    "percentile75": 0.0,
    "percentile90": 0.0,
    "percentile95": 0.0,
    "percentile99": 0.0
  },
  "self_healing": {
    "avg": 10976.648192771085,
    "std": 6658.1201877937865,
    "percentile1": 1002.42800852213,
    "percentile5": 2724.9726762629225,
    "percentile10": 3905.8303632563543,
    "percentile25": 6187.219143894687,
    "percentile50": 9801.163177670855,
    "percentile75": 14332.27142508636,
    "percentile90": 19737.57945117606,
    "percentile95": 23162.387592836527,
    "percentile99": 32542.30947313653
  },
  "crit_shot_rate": {
    "avg": 0.12767746857685955,
    "std": 0.03167894850128483,
    "percentile1": 0.07064143976754553,
    "percentile5": 0.08457366571654948,
    "percentile10": 0.09346866736538216,
    "percentile25": 0.10751506085038677,
    "percentile50": 0.12617076565260774,
    "percentile75": 0.14806355481226524,
    "percentile90": 0.17031442251268458,
    "percentile95": 0.18822717415038345,
    "percentile99": 0.22535019328242642
  },
  "accuracy": {
    "avg": 0.6124042271910289,
    "std": 0.05297071413895514,
    "percentile1": 0.49160797907850773,
    "percentile5": 0.5325539863288534,
    "percentile10": 0.5542886659055845,
    "percentile25": 0.5885651399941558,
    "percentile50": 0.6249612256645822,
    "percentile75": 0.6636079968787401,
    "percentile90": 0.6906912739679651,
    "percentile95": 0.704644633038025,
    "percentile99": 0.7482189202129549
  },
  "neutral_damage": {
    "avg": 32247.58610441767,
    "std": 17019.046415832843,
    "percentile1": 4403.829053712645,
    "percentile5": 9607.080738509052,
    "percentile10": 12968.332240425661,
    "percentile25": 19737.57945117606,
    "percentile50": 29445.401123209824,
    "percentile75": 42205.46604636821,
    "percentile90": 54738.01315980948,
    "percentile95": 62963.996188158584,
    "percentile99": 83310.31806644987
  },
  "deaths": {
    "avg": 6.7085140562248995,
    "std": 3.236354703655752,
    "percentile1": 1.01,
    "percentile5": 1.9936617014173448,
    "percentile10": 2.9742334234767016,
    "percentile25": 4.0148353330285875,
    "percentile50": 7.028793021534769,
    "percentile75": 8.935418643763574,
    "percentile90": 10.913817739716837,
    "percentile95": 12.06167417903923,
    "percentile99": 15.029881751769702
  },
  "player_damage_taken_per_min": {
    "avg": 1057.9810286220984,
    "std": 270.46333822347947,
    "percentile1": 450.407926912419,
    "percentile5": 620.2758780658387,
    "percentile10": 713.4904204162773,
    "percentile25": 871.464977513059,
    "percentile50": 1043.3392628236145,
    "percentile75": 1224.3764974384917,
    "percentile90": 1408.3747777347448,
    "percentile95": 1525.6782518736818,
    "percentile99": 1720.2043067270433
  },
  "player_damage_per_health": {
    "avg": 9.992589087228758,
    "std": 3.420437555998434,
    "percentile1": 3.632761126626586,
    "percentile5": 5.1038968392543556,
    "percentile10": 5.989510371172621,
    "percentile25": 7.61422088737293,
    "percentile50": 9.679649274963294,
    "percentile75": 11.822829145790926,
    "percentile90": 14.440532403597183,
    "percentile95": 15.959309654786896,
    "percentile99": 20.288421154823077
  },
  "kda": {
    "avg": 4.005558845228374,
    "std": 4.49411851903498,
    "percentile1": 0.2922659788167534,
    "percentile5": 0.612585755849442,
    "percentile10": 0.8606606363781403,
    "percentile25": 1.390913879205138,
    "percentile50": 2.585662253521811,
    "percentile75": 4.711478037874702,
    "percentile90": 8.415043540310215,
    "percentile95": 12.55393717991829,
    "percentile99": 23.80880976804455
  },
  "kills": {
    "avg": 7.005140562248996,
    "std": 4.019627258029688,
    "percentile1": 0.0,
    "percentile5": 1.01,
    "percentile10": 1.9936617014173448,
    "percentile25": 4.0148353330285875,
    "percentile50": 5.989510371172621,
    "percentile75": 8.935418643763574,
    "percentile90": 12.06167417903923,
    "percentile95": 13.874292528934028,
    "percentile99": 17.994143369900964
  },
  "assists": {
    "avg": 10.593493975903614,
    "std": 5.8807402821437345,
    "percentile1": 0.0,
    "percentile5": 1.9936617014173448,
    "percentile10": 2.9742334234767016,
    "percentile25": 5.989510371172621,
    "percentile50": 10.07469668951133,
    "percentile75": 15.029881751769702,
    "percentile90": 19.106877269947024,
    "percentile95": 21.116435486210605,
    "percentile99": 24.78049876990332
  },
  "player_damage": {
    "avg": 37908.23164658635,
    "std": 16092.060692059997,
    "percentile1": 9999.166474189444,
    "percentile5": 16486.11323801897,
    "percentile10": 20136.31842998767,
    "percentile25": 26643.21190917494,
    "percentile50": 35252.757017392614,
    "percentile75": 46644.40914870954,
    "percentile90": 58122.93911110372,
    "percentile95": 66857.6059922312,
    "percentile99": 88462.11736194855
  },
  "net_worth_per_min": {
    "avg": 1227.3499427908084,
    "std": 193.72270250574175,
    "percentile1": 804.4614206837282,
    "percentile5": 925.3552129773211,
    "percentile10": 982.5779489474347,
    "percentile25": 1085.920193864268,
    "percentile50": 1224.3764974384917,
    "percentile75": 1353.1498085068365,
    "percentile90": 1465.853597354569,
    "percentile95": 1556.500034739816,
    "percentile99": 1720.2043067270433
  },
  "kills_plus_assists": {
    "avg": 17.59863453815261,
    "std": 8.277347890197275,
    "percentile1": 1.9936617014173448,
    "percentile5": 5.002829575110705,
    "percentile10": 7.028793021534769,
    "percentile25": 10.913817739716837,
    "percentile50": 16.946212143511012,
    "percentile75": 22.875222481776756,
    "percentile90": 29.080339799119045,
    "percentile95": 32.13885296950373,
    "percentile99": 37.7154945017574
  },
  "last_hits": {
    "avg": 190.88425702811244,
    "std": 53.51023489111791,
    "percentile1": 82.27744454924071,
    "percentile5": 111.06404389116696,
    "percentile10": 127.75465590591513,
    "percentile25": 152.9510100285869,
    "percentile50": 186.81603102308614,
    "percentile75": 223.6607380912672,
    "percentile90": 262.4697074828568,
    "percentile95": 284.3307980325545,
    "percentile99": 340.40781083814704
  },
  "kd": {
    "avg": 1.5835791999359465,
    "std": 1.938867396763743,
    "percentile1": 0.0,
    "percentile5": 0.18449990337512834,
    "percentile10": 0.2922659788167534,
    "percentile25": 0.5542886659055845,
    "percentile50": 1.01,
    "percentile75": 1.803933692864504,
    "percentile90": 3.353452235419124,
    "percentile95": 5.002829575110705,
    "percentile99": 10.07469668951133
  },
  "healing": {
    "avg": 21975.9140562249,
    "std": 13320.243626834914,
    "percentile1": 2018.689221230939,
    "percentile5": 5487.549153610214,
    "percentile10": 7709.806344017028,
    "percentile25": 12459.820045918226,
    "percentile50": 19346.736293727023,
    "percentile75": 28862.32387324531,
    "percentile90": 38960.45171335808,
    "percentile95": 46644.40914870954,
    "percentile99": 65533.693002285996
  },
  "neutral_damage_per_min": {
    "avg": 940.2878241631004,
    "std": 428.7084848106364,
    "percentile1": 165.6902930184954,
    "percentile5": 327.0597935520713,
    "percentile10": 432.7466024574668,
    "percentile25": 620.2758780658387,
    "percentile50": 889.0703305941304,
    "percentile75": 1200.1314182812944,
    "percentile90": 1525.6782518736818,
    "percentile95": 1720.2043067270433,
    "percentile99": 2101.0762928044896
  },
  "healing_per_min": {
    "avg": 631.8735610333426,