{
  "kd": {
    "avg": 2.682265254586683,
    "std": 3.425974044592023,
    "percentile1": 0.0,
    "percentile5": 0.1366795232502307,
    "percentile10": 0.5116715635730902,
    "percentile25": 0.6770142190379065,
    "percentile50": 1.5067630358630384,
    "percentile75": 2.585662253521811,
    "percentile90": 5.002829575110705,
    "percentile95": 6.619454741868801,
    "percentile99": 10.913817739716837
  },
  "player_damage_per_min": {
    "avg": 976.0421040304342,
    "std": 427.60352824927253,
    "percentile1": 210.63532939327285,
    "percentile5": 478.2605542268846,
    "percentile10": 478.2605542268846,
    "percentile25": 713.4904204162773,
    "percentile50": 889.0703305941304,
    "percentile75": 1085.920193864268,
    "percentile90": 1408.3747777347448,
    "percentile95": 1465.853597354569,
    "percentile99": 2018.689221230939
  },
  "player_damage": {
    "avg": 40129.78571428572,
    "std": 24844.732611270145,
    "percentile1": 5065.632816114989,
    "percentile5": 11274.073816977685,
    "percentile10": 15218.560033080412,
    "percentile25": 26643.21190917494,
    "percentile50": 34554.68262100859,
    "percentile75": 46644.40914870954,
    "percentile90": 54738.01315980948,
    "percentile95": 69586.20944054176,
    "percentile99": 110231.39439231389
  },
  "player_damage_taken_per_min": {
    "avg": 833.6352161276419,
    "std": 393.74696930220284,
    "percentile1": 308.01269786575136,
    "percentile5": 314.2351766105138,
    "percentile10": 376.21006693082956,
    "percentile25": 539.2394262082365,
    "percentile50": 772.9170065798668,
    "percentile75": 1085.920193864268,
    "percentile90": 1408.3747777347448,
    "percentile95": 1436.8267934465573,
    "percentile99": 1652.7519272847521
  },
  "healing": {
    "avg": 33913.357142857145,
    "std": 24582.893306139136,
    "percentile1": 0.0,
    "percentile5": 854.2082452850774,
    "percentile10": 4770.623784547973,
    "percentile25": 14621.81226195677,
    "percentile50": 29445.401123209824,
    "percentile75": 51550.21632605415,
    "percentile90": 64235.996111151595,
    "percentile95": 65533.693002285996,
    "percentile99": 70991.99144944162
  },
  "kills_plus_assists": {
    "avg": 22.035714285714285,
    "std": 11.175490218896577,
    "percentile1": 1.9936617014173448,
    "percentile5": 7.924973703917075,
    "percentile10": 7.924973703917075,
    "percentile25": 13.066290498147785,
    "percentile50": 19.106877269947024,
    "percentile75": 30.87862934556476,
    "percentile90": 36.968653026475074,
    "percentile95": 37.7154945017574,
    "percentile99": 40.85681640262246
  },
  "self_healing_per_min": {
    "avg": 308.21014407113864,
    "std": 222.6726594438935,
    "percentile1": 0.0,
    "percentile5": 12.807552072441888,
    "percentile10": 83.93961514619511,
    "percentile25": 206.464332771624,
    "percentile50": 252.17778678947948,
    "percentile75": 347.2847363096249,
    "percentile90": 450.407926912419,
    "percentile95": 645.5906777012161,
    "percentile99": 837.2932305269575
  },
  "crit_shot_rate": {
    "avg": 0.15297781910653555,
    "std": 0.04663146041095612,
    "percentile1": 0.06141243081313515,
    "percentile5": 0.09346866736538216,
    "percentile10": 0.09535692327175352,
    "percentile25": 0.1119029829338634,
    "percentile50": 0.14806355481226524,
    "percentile75": 0.19202974332513864,
    "percentile90": 0.2122263951910608,
    "percentile95": 0.2165137971141125,
    "percentile99": 0.23928554959767773
  },
  "healing_per_min": {
    "avg": 820.1466583760006,
    "std": 504.5101634382804,
    "percentile1": 0.0,
    "percentile5": 25.791844500743164,
    "percentile10": 165.6902930184954,
    "percentile25": 450.407926912419,
    "percentile50": 804.4614206837282,
    "percentile75": 1153.0720547568835,
    "percentile90": 1353.1498085068365,
    "percentile95": 1408.3747777347448,
    "percentile99": 1652.7519272847521
  },
  "neutral_damage_per_min": {
    "avg": 559.450251139425,
    "std": 308.40889802462004,
    "percentile1": 85.63536494712831,
    "percentile5": 100.49456770856492,
    "percentile10": 172.4524721030172,
    "percentile25": 295.9349526303528,
    "percentile50": 539.2394262082365,
    "percentile75": 713.4904204162773,
    "percentile90": 871.464977513059,
    "percentile95": 963.1209598593664,
    "percentile99": 1064.4168236887383
  },
  "accuracy": {
    "avg": 0.5067348486819213,
    "std": 0.050966291823575774,
    "percentile1": 0.4189184516062178,
    "percentile5": 0.4360154193281326,
    "percentile10": 0.4360154193281326,
    "percentile25": 0.4818731676116067,
    "percentile50": 0.5116715635730902,
    "percentile75": 0.5433126527193353,
    "percentile90": 0.5769103847467468,
    "percentile95": 0.6004553448425225,
    "percentile99": 0.6004553448425225
  },
  "kills": {
    "avg": 7.75,
    "std": 4.9180788932265,
    "percentile1": 0.0,
    "percentile5": 1.9936617014173448,
    "percentile10": 2.9742334234767016,
    "percentile25": 4.0148353330285875,
    "percentile50": 7.028793021534769,
    "percentile75": 8.935418643763574,
    "percentile90": 15.959309654786896,
    "percentile95": 16.946212143511012,
    "percentile99": 17.994143369900964
  },
  "net_worth": {
    "avg": 45333.71428571428,
    "std": 13028.769062175837,
    "percentile1": 15839.662370926755,
    "percentile5": 23162.387592836527,
    "percentile10": 23162.387592836527,
    "percentile25": 37432.74063744949,
    "percentile50": 45720.75748239845,
    "percentile75": 55843.83160748232,
    "percentile90": 60495.06191943357,
    "percentile95": 61717.184382452455,
    "percentile99": 66857.6059922312
  },
  "player_healing_per_min": {
    "avg": 511.936514304862,
    "std": 340.808978765837,
    "percentile1": 0.0,
    "percentile5": 12.807552072441888,
    "percentile10": 83.93961514619511,
    "percentile25": 228.1791368405856,
    "percentile50": 450.407926912419,
    "percentile75": 837.2932305269575,
    "percentile90": 982.5779489474347,
    "percentile95": 982.5779489474347,
    "percentile99": 1002.42800852213
  },
  "player_healing": {
    "avg": 20928.785714285714,
    "std": 15276.650405011524,
    "percentile1": 0.0,
    "percentile5": 424.17736280484354,
    "percentile10": 2368.966381480292,
    "percentile25": 7260.807653096882,
    "percentile50": 17859.24089440744,
    "percentile75": 32542.30947313653,
    "percentile90": 41369.71424346982,
    "percentile95": 43058.101724072636,
    "percentile99": 45720.75748239845
  },
  "boss_damage": {
    "avg": 5833.857142857143,
    "std": 5474.970565571796,
    "percentile1": 0.0,
    "percentile5": 45.153915815167665,
    "percentile10": 295.9349526303528,
    "percentile25": 1686.1408551086854,
    "percentile50": 3905.8303632563543,
    "percentile75": 8186.570516971658,
    "percentile90": 10201.169837304386,
    "percentile95": 13770.276662804756,
    "percentile99": 14048.46407013415
  },
  "last_hits": {
    "avg": 169.89285714285714,
    "std": 46.77479425450227,
    "percentile1": 46.996744743447124,
    "percentile5": 96.55399060010242,
    "percentile10": 108.86475589332204,
    "percentile25": 132.96859962210388,
    "percentile50": 179.4906303359737,
    "percentile75": 198.3684859812457,
    "percentile90": 214.890588572935,
    "percentile95": 223.6607380912672,
    "percentile99": 223.6607380912672
  },
  "kda": {
    "avg": 7.505241187384043,
    "std": 7.871735613325354,
    "percentile1": 1.01,
    "percentile5": 1.1162263482279569,
    "percentile10": 1.1387763754648852,
    "percentile25": 1.9936617014173448,
    "percentile50": 4.6181814430653025,
    "percentile75": 9.487973051696695,
    "percentile90": 13.874292528934028,
    "percentile95": 15.643283721028741,