{
  "kda": {
    "avg": 4.793385709056836,
    "std": 5.880154832004617,
    "percentile1": 0.20390460731963408,
    "percentile5": 0.6004553448425225,
    "percentile10": 0.878047719941335,
    "percentile25": 1.5067630358630384,
    "percentile50": 2.857608252474773,
    "percentile75": 5.529000185576875,
    "percentile90": 10.485866843149177,
    "percentile95": 16.610643586213765,
    "percentile99": 30.87862934556476
  },
  "player_healing_per_min": {
    "avg": 275.37036178374024,
    "std": 265.3430559257484,
    "percentile1": 0,
    "percentile5": 19.886670240866184,
    "percentile10": 50.91110157430019,
    "percentile25": 117.93209668886924,
    "percentile50": 214.890588572935,
    "percentile75": 347.2847363096249,
    "percentile90": 528.5614177684697,
    "percentile95": 727.904368303475,
    "percentile99": 1408.3747777347448
  },
  "healing_per_min": {
    "avg": 518.5569984431224,
    "std": 504.4256344384155,
    "percentile1": 0,
    "percentile5": 38.47742368361108,
    "percentile10": 98.50457626879141,
    "percentile25": 223.6607380912672,
    "percentile50": 415.777811066134,
    "percentile75": 658.6329136143717,
    "percentile90": 963.1209598593664,
    "percentile95": 1274.3459494306755,
    "percentile99": 2780.022629318737
  },
  "assists": {
    "avg": 13.109087,
    "std": 7.261576208126648,
    "percentile1": 0,
    "percentile5": 2.9742334234767016,
    "percentile10": 4.0148353330285875,
    "percentile25": 7.028793021534769,
    "percentile50": 13.066290498147785,
    "percentile75": 17.994143369900964,
    "percentile90": 22.875222481776756,
    "percentile95": 25.791844500743164,
    "percentile99": 32.13885296950373
  },
  "kills": {
    "avg": 6.865573,
    "std": 5.14498361335301,
    "percentile1": 0,
    "percentile5": 1.01,
    "percentile10": 1.01,
    "percentile25": 2.9742334234767016,
    "percentile50": 5.989510371172621,
    "percentile75": 10.07469668951133,
    "percentile90": 13.874292528934028,
    "percentile95": 16.946212143511012,
    "percentile99": 22.875222481776756
  },
  "boss_damage_per_min": {
    "avg": 177.4736048593251,
    "std": 168.55817368290877,
    "percentile1": 0,
    "percentile5": 8.758479660718752,
    "percentile10": 23.337348188479314,
    "percentile25": 58.561979516874935,
    "percentile50": 127.75465590591513,
    "percentile75": 247.18416724909366,
    "percentile90": 399.47439724136655,
    "percentile95": 507.83555098017575,
    "percentile99": 772.9170065798668
  },
  "boss_damage": {
    "avg": 6692.422438,
    "std": 6157.588450261851,
    "percentile1": 0,
    "percentile5": 308.01269786575136,
    "percentile10": 871.464977513059,
    "percentile25": 2186.825758891807,
    "percentile50": 4867.000022619643,
    "percentile75": 9416.841515964315,
    "percentile90": 14917.202408662974,
    "percentile95": 18963.63260474232,
    "percentile99": 27730.578990459475
  },
  "player_damage_per_min": {
    "avg": 846.3295486473003,
    "std": 366.4445290857342,
    "percentile1": 186.81603102308614,
    "percentile5": 333.667062108679,
    "percentile10": 424.17736280484354,
    "percentile25": 584.1526546236537,
    "percentile50": 804.4614206837282,
    "percentile75": 1064.4168236887383,
    "percentile90": 1326.3547627938292,
    "percentile95": 1525.6782518736818,
    "percentile99": 1939.5326984888202
  },
  "net_worth_per_min": {
    "avg": 1126.4362401026988,
    "std": 213.37994407832738,
    "percentile1": 572.5852753241758,
    "percentile5": 804.4614206837282,
    "percentile10": 871.464977513059,
    "percentile25": 982.5779489474347,
    "percentile50": 1130.2389447616972,
    "percentile75": 1249.1113761746233,
    "percentile90": 1380.4861682746505,
    "percentile95": 1465.853597354569,
    "percentile99": 1652.7519272847521
  },
  "neutral_damage_per_min": {
    "avg": 475.33490866209934,
    "std": 379.1067757259771,
    "percentile1": 0,
    "percentile5": 30.87862934556476,
    "percentile10": 75.95145145269709,
    "percentile25": 198.3684859812457,
    "percentile50": 391.564013137577,
    "percentile75": 658.6329136143717,
    "percentile90": 982.5779489474347,
    "percentile95": 1224.3764974384917,
    "percentile99": 1720.2043067270433
  },
  "kills_plus_assists": {
    "avg": 19.97466,
    "std": 10.004098354394563,
    "percentile1": 1.01,
    "percentile5": 5.002829575110705,
    "percentile10": 7.028793021534769,
    "percentile25": 12.06167417903923,
    "percentile50": 19.886670240866184,
    "percentile75": 26.84446543741261,
    "percentile90": 32.7881227264634,
    "percentile95": 36.968653026475074,
    "percentile99": 45.153915815167665
  },
  "player_damage": {
    "avg": 33434.71204,
    "std": 17990.550637908473,
    "percentile1": 4403.829053712645,
    "percentile5": 10617.501633541673,
    "percentile10": 14048.46407013415,
    "percentile25": 20958.125120324905,
    "percentile50": 30040.257711557508,
    "percentile75": 42205.46604636821,
    "percentile90": 56971.989821774914,
    "percentile95": 66857.6059922312,
    "percentile99": 92072.44762873562
  },
  "deaths": {
    "avg": 6.898928,
    "std": 3.700274915572625,
    "percentile1": 0,
    "percentile5": 1.01,
    "percentile10": 1.9936617014173448,
    "percentile25": 4.0148353330285875,
    "percentile50": 7.028793021534769,
    "percentile75": 8.935418643763574,
    "percentile90": 12.06167417903923,
    "percentile95": 13.066290498147785,
    "percentile99": 16.946212143511012
  },
  "last_hits": {
    "avg": 174.983157,
    "std": 63.63031069634464,
    "percentile1": 43.383347603613224,
    "percentile5": 80.64818822153303,
    "percentile10": 98.50457626879141,
    "percentile25": 130.33555804542863,
    "percentile50": 169.03757166533376,
    "percentile75": 214.890588572935,
    "percentile90": 257.27228753270117,
    "percentile95": 284.3307980325545,
    "percentile99": 347.2847363096249
  },
  "neutral_damage": {
    "avg": 18701.26498,
    "std": 15904.385182360418,
    "percentile1": 0,
    "percentile5": 1022.6790794013652,
    "percentile10": 2671.0128212874174,
    "percentile25": 7117.029283728636,
    "percentile50": 14917.202408662974,
    "percentile75": 26115.623554537804,
    "percentile90": 39747.53154595119,
    "percentile95": 49528.83738963408,
    "percentile99": 72426.1730948849
  },
  "self_healing_per_min": {
    "avg": 243.18663665938215,
    "std": 247.34517573354267,
    "percentile1": 0,
    "percentile5": 18.35766141777775,
    "percentile10": 44.25977886833268,
    "percentile25": 102.52476099560667,
    "percentile50": 190.59009225587582,
    "percentile75": 308.01269786575136,
    "percentile90": 450.407926912419,
    "percentile95": 595.9537183534246,
    "percentile99": 1408.3747777347448
  },
  "denies": {
    "avg": 3.275305,
    "std": 3.5050284102949862,
    "percentile1": 0,
    "percentile5": 0,
    "percentile10": 0,
    "percentile25": 1.01,
    "percentile50": 1.9936617014173448,
    "percentile75": 5.002829575110705,
    "percentile90": 7.924973703917075,
    "percentile95": 10.07469668951133,
    "percentile99": 15.959309654786896
  },
  "player_damage_per_health": {
    "avg": 10.482955747696494,
    "std": 5.01505586677631,
    "percentile1": 2.2932675214577776,
    "percentile5": 4.0148353330285875,
    "percentile10": 5.002829575110705,
    "percentile25": 7.028793021534769,
    "percentile50": 9.679649274963294,
    "percentile75": 13.066290498147785,
    "percentile90": 16.946212143511012,
    "percentile95": 19.886670240866184,
    "percentile99": 26.312891864394537
  },
  "crit_shot_rate": {
    "avg": 0.1460041194884018,
    "std": 0.06242812636366284,
    "percentile1": 0,
    "percentile5": 0,
    "percentile10": 0.07064143976754553,